Data Type,Query Name,Average,Runs
Pandas,Query 4,1.6,"[1.9791018962860107, 1.4545609951019287, 1.3698701858520508]"
SQL,Query 4,1.03,"[1.929384469985962, 0.5833611488342285, 0.5736582279205322]"
Pandas (No Column Limiting),Query 4,1.54,"[1.9578242301940918, 1.403993844985962, 1.2702805995941162]"
