Data Type,Query Name,Average,Runs
Pandas,Query 15,0.35,"[0.374114990234375, 0.33626461029052734, 0.3475477695465088, 0.36420440673828125, 0.32832980155944824]"
SQL,Query 15,2.31,"[2.585845708847046, 2.217045783996582, 2.323789596557617, 2.204066038131714, 2.210232973098755]"
