Data Type,Query Name,Average,Runs
Pandas,Query 16,1.22,"[1.9658393859863281, 1.2513604164123535, 1.1436245441436768, 1.1921627521514893, 1.1360769271850586, 1.1482629776000977, 1.1612651348114014, 1.1941301822662354, 1.147150993347168, 1.1467866897583008, 1.1544878482818604, 1.1705539226531982, 1.207094669342041, 1.169419527053833, 1.1721131801605225]"
SQL,Query 16,0.586,"[0.5634534358978271, 0.5811924934387207, 0.694084644317627, 0.5745284557342529, 0.5655875205993652, 0.574653148651123, 0.5634410381317139, 0.5608053207397461, 0.5627560615539551, 0.5664474964141846, 0.6134417057037354, 0.6148531436920166, 0.5754234790802002, 0.5823690891265869, 0.6022837162017822]"
