Data Type,Query Name,Average,Runs
Pandas,Query 14,1.01,"[1.5029723644256592, 1.3912248611450195, 0.7651920318603516, 0.6845266819000244, 0.682265043258667]"
SQL,Query 14,0.991,"[1.39323091506958, 0.8978853225708008, 0.8925037384033203, 0.8914461135864258, 0.8820183277130127]"
