Data Type,Query Name,Average,Runs
Pandas,Query 15,0.329,"[0.3918015956878662, 0.2996525764465332, 0.30872201919555664, 0.33324718475341797, 0.3114748001098633]"
